[
  {
    "file": "el-nombre-del-viento.epub",
    "title": "El Nombre del Viento",
    "cover": "img/el-nombre-del-viento.jpeg"
  },
  {
    "file": "Manana, y manana, y manana - Gabrielle Zevin.epub",
    "title": "Mañana y mañana y mañana",
    "cover": "img/mañana-y-mañana-y-mañana.jpg"
  },
  {
    "file": "Jujutsu-Kaisen-cap71.epub",
    "title": "Jujutsu Kaisen - cap71",
    "cover": "img/Jujutsu Kaisen - cap71 - Gege Akutami.jpg"
  },
  {
    "file": "1984.epub",
    "title": "1984",
    "cover": "img/1984.jpeg"
  },
  {
    "file": "cien-anos-de-soledad.epub",
    "title": "Cien años de soledad",
    "cover": "img/100AnosDeSoledad.jpg"
  }
]
